INSERT INTO advance_wars.unit_type(unit_type) VALUES
('Inftry'),
('Veh'),
('Cptr'),
('Plane'),
('Ship'),
('Sub');

INSERT INTO advance_wars.movement_type(movement_type) VALUES
('Inftry'),
('Mech'),
('Tires'),
('Tread'),
('Air'),
('Ships'),
('Trans');

INSERT INTO advance_wars.weapon(name, max_ammo, min_range, max_range) VALUES
('Machine Gun', 0, 1, 1),
('Bazooka', 3, 1, 1),
('Cannon', 9, 1, 1),
('Cannon', 8, 1, 1),
('Neocannon', 9, 1,1),
('Megacannon', 3, 1, 1),
('Cannon', 9, 2, 3),
('Rockets', 6, 3, 5),
('Vulcan', 9, 1, 1),
('Missiles', 6, 3, 5),
('Cannon', 9, 2, 6),
('Missiles', 9, 1, 1),
('Anti-air Gun', 0, 1, 1),
('Torpedoes', 6, 1, 1),
('Missiles', 9, 3, 8),
('Missiles', 9, 1, 1),
('Bombs', 9, 1, 1),
('Missiles', 6, 1, 1),
('Machine Gun', 0, 1, 1),
('Omni-missile', 6, 1, 1);

INSERT INTO advance_wars.unit(name, movement_speed, movement_type, vision, max_fuel, weapon_1, weapon_2, unit_type, cost) VALUES
('Infantry', 3, 'Inftry', 2, 99, NULL, 1, 'Inftry', 1000),
('Mech', 2, 'Mech', 2, 70, 2, 1, 'Inftry', 3000),
('Recon', 8, 'Tires', 5, 80, NULL, 1, 'Veh', 4000),
('Tank', 6, 'Tread', 3, 70, 3, 1, 'Veh', 7000),
('Md Tank', 5, 'Tread', 1, 50, 4, 1, 'Veh', 16000),
('Neotank', 6, 'Tread', 1, 99, 5, 1, 'Veh', 22000),
('Megatank', 4, 'Tread', 1, 50, 6, 1, 'Veh', 28000),
('APC', 6, 'Tread', 1, 70, NULL, NULL, 'Veh', 5000),
('Artillary', 5, 'Tread', 1, 50, 7, NULL, 'Veh', 6000),
('Rockets', 5, 'Tires', 1, 50, 8, NULL, 'Veh', 15000),
('Anti-air', 6, 'Tread', 2, 60, 9, NULL, 'Veh', 8000),
('Missiles', 4, 'Tires', 5, 50, 10, NULL, 'Veh', 12000),
('Battleship', 5, 'Ships', 2, 99, 11, NULL, 'Ship', 28000),
('Cruiser', 6, 'Ships', 3, 99, 12, 13, 'Ship', 18000),
('Lander', 6, 'Trans', 1, 99, NuLL, NULL, 'Ship', 12000),
('Black Boat', 7, 'Trans', 1, 60, NULL, NULL, 'Ship', 7500),
('Sub', 5, 'Ships', 5, 60, 14, NULL, 'Sub', 20000),
('Carrier', 5, 'Ships', 4, 99, 15, NULL, 'Ship', 30000),
('Fighter', 9, 'Air', 2, 99, 16, NULL, 'Plane', 20000),
('Bomber', 7, 'Air', 2, 99, 17, NULL, 'Plane', 22000),
('B Copter', 6, 'Air', 3, 99, 18, 1, 'Cptr', 9000),
('T Copter', 6, 'Air', 2, 99, NULL, NULL, 'Cptr', 5000),
('Stealth', 6, 'Air', 4, 60, 19, NULL, 'Plane', 24000),
('Black Bomb', 9, 'Air', 1, 45, NULL, NULL, 'Plane', 25000);


INSERT INTO advance_wars.weapon_unit(weapon_id, target) VALUES 
(1, 'Inftry'),
(1, 'Veh'),
(1, 'Cptr'),
(2, 'Veh'),
(3, 'Veh'),
(3, 'Ship'),
(3, 'Sub'),
(4, 'Veh'),
(4, 'Ship'),
(4, 'Sub'),
(5, 'Veh'),
(5, 'Ship'),
(5, 'Sub'),
(6, 'Veh'),
(6, 'Ship'),
(6, 'Sub'),
(7, 'Inftry'),
(7, 'Veh'),
(7, 'Ship'),
(7, 'Sub'),
(8, 'Inftry'),
(8, 'Veh'),
(8, 'Ship'),
(8, 'Sub'),
(9, 'Inftry'),
(9, 'Veh'),
(9, 'Cptr'),
(9, 'Plane'),
(10, 'Cptr'),
(10, 'Plane'),
(11, 'Inftry'),
(11, 'Veh'),
(11, 'Ship'),
(11, 'Sub'),
(12, 'Ship'),
(12, 'Sub'),
(13, 'Cptr'),
(13, 'Plane'),
(14, 'Ship'),
(14, 'Sub'),
(15, 'Cptr'),
(15, 'Plane'),
(16, 'Cptr'),
(16, 'Plane'),
(17, 'Inftry'),
(17, 'Veh'),
(17, 'Ship'),
(17, 'Sub'),
(18, 'Veh'),
(18, 'Ship'),
(18, 'Sub'),
(19, 'Inftry'),
(19, 'Veh'),
(19, 'Ship'),
(19, 'Sub'),
(19, 'Cptr'),
(19, 'Plane');